{"cameraMode":{"drawMode":0,"name":"Shaded","section":"Shading Mode"},"sceneLighting":false,"audioPlay":false,"sceneViewState":{"m_AlwaysRefresh":false,"showFog":true,"showSkybox":false,"showFlares":true,"showImageEffects":true,"showParticleSystems":true,"showVisualEffectGraphs":true,"m_FxEnabled":true},"in2DMode":false,"pivot":{"x":0.023726284503936769,"y":0.616714596748352,"z":0.08107161521911621},"rotation":{"x":0.26695480942726138,"y":0.2633773386478424,"z":-0.07619618624448776,"w":0.9235822558403015},"size":0.7905694246292114,"orthographic":false}