{"cameraMode":{"drawMode":0,"name":"Shaded","section":"Shading Mode"},"sceneLighting":false,"audioPlay":false,"sceneViewState":{"m_AlwaysRefresh":false,"showFog":true,"showSkybox":false,"showFlares":true,"showImageEffects":true,"showParticleSystems":true,"showVisualEffectGraphs":true,"m_FxEnabled":true},"in2DMode":false,"pivot":{"x":0.16619375348091126,"y":0.19241192936897279,"z":2.3472986221313478},"rotation":{"x":0.224368616938591,"y":0.040915537625551227,"z":-0.009428612887859345,"w":0.9735912680625916},"size":2.524876356124878,"orthographic":false}